contig	start	end	id	vtype	failed_filters	psv
17	31150798	31157725	Hsiao-2015-26189818-NF1-UAB_1-FigS1	DEL		124.97852180540217
17	43100079	43110335	Musani-2017-29310340-BRCA1-proband-FigS2	DEL		5.731265530741487
2	109923337	110405062	Koyama-2017-28347285-NPHP1-II_2-FigS3	DEL		4.426802033585173
X	64205190	64206761	Mi-2020-33265914-AMER1-Proband_B-FigS6	DEL		3.6926304444154807
3	9725702	9737931	Mizuguchi-2020-33157260-BRPF1-II_1-FigS5	INV		2.600504464629789
3	11007012	11007013	Pesz-2018-29621621-SLC6A1-proband-FigS8	BND		2.155736527404235
13	72835296	72835332	Hebbar-2018-29695797-PIBF1-proband-FigS4	DUP		1.3833777539105
12	6124705	6124718	Othman-2010-20696945-VWF-index-FigS7	DEL		0.7608952519440781
